{"train/loss": 0.259, "train/grad_norm": 0.8287439942359924, "train/learning_rate": 0.0, "train/epoch": 3.0, "train/global_step": 1218, "_timestamp": 1713086117.959556, "_runtime": 11281.377341032028, "_step": 1218, "train_runtime": 11282.5094, "train_samples_per_second": 13.827, "train_steps_per_second": 0.108, "total_flos": 0.0, "train_loss": 0.5048437891482133, "_wandb": {"runtime": 11336}}