{"train/loss": 1.7767, "train/grad_norm": 2.2480180263519287, "train/learning_rate": 1.8261674108002925e-05, "train/epoch": 0.64, "train/global_step": 262, "_timestamp": 1712850014.1115966, "_runtime": 1379.8142457008362, "_step": 261, "_wandb": {"runtime": 1382}}