{"train/loss": 0.7921, "train/grad_norm": 2.1557228565216064, "train/learning_rate": 0.0, "train/epoch": 3.0, "train/global_step": 1218, "_timestamp": 1710247838.3391135, "_runtime": 1115.9396333694458, "_step": 1218, "train/train_runtime": 1117.287, "train/train_samples_per_second": 139.629, "train/train_steps_per_second": 1.09, "train/total_flos": 1.3501813422974566e+17, "train/train_loss": 1.2947520258391432, "_wandb": {"runtime": 1141}}