{"train/loss": 0.2918, "train/grad_norm": 0.9167651534080505, "train/learning_rate": 0.0, "train/epoch": 3.0, "train/global_step": 1218, "_timestamp": 1713542534.474882, "_runtime": 11317.128777980804, "_step": 1218, "train_runtime": 11318.2789, "train_samples_per_second": 13.784, "train_steps_per_second": 0.108, "total_flos": 0.0, "train_loss": 0.5301070134285439, "_wandb": {"runtime": 11373}}