{"train/loss": 0.3561, "train/learning_rate": 0.0, "train/epoch": 2.99, "train/global_step": 729, "_timestamp": 1699088525.2255077, "_runtime": 3266.302136659622, "_step": 729, "train/train_runtime": 3267.4378, "train/train_samples_per_second": 28.647, "train/train_steps_per_second": 0.223, "train/total_flos": 2.6533049109839872e+17, "train/train_loss": 0.5381581778593351, "_wandb": {"runtime": 3339}}