{"train/loss": 0.4173, "train/learning_rate": 0.0, "train/epoch": 2.95, "train/global_step": 120, "_timestamp": 1699250012.154102, "_runtime": 455.5528709888458, "_step": 120, "train/train_runtime": 457.0147, "train/train_samples_per_second": 34.135, "train/train_steps_per_second": 0.263, "train/total_flos": 2.936680561718067e+16, "train/train_loss": 0.6862159414837757, "_wandb": {"runtime": 525}}