{"train/loss": 0.2747, "train/grad_norm": 0.7736309170722961, "train/learning_rate": 4.847212617039037e-06, "train/epoch": 2.05, "train/global_step": 831, "_timestamp": 1713411783.0690112, "_runtime": 7753.067706108093, "_step": 830}