{"train/loss": 0.3557, "train/learning_rate": 0.0, "train/epoch": 2.99, "train/global_step": 729, "_timestamp": 1699082347.5197349, "_runtime": 3257.3832409381866, "_step": 729, "train/train_runtime": 3258.6054, "train/train_samples_per_second": 28.725, "train/train_steps_per_second": 0.224, "train/total_flos": 2.6533049109839872e+17, "train/train_loss": 0.5381903653691008, "_wandb": {"runtime": 3323}}