{"train/loss": 0.3062, "train/learning_rate": 0.0, "train/epoch": 3.0, "train/global_step": 1218, "_timestamp": 1701256598.3910203, "_runtime": 12351.361054182053, "_step": 1218, "train/train_runtime": 12352.9512, "train/train_samples_per_second": 12.629, "train/train_steps_per_second": 0.099, "train/total_flos": 0.0, "train/train_loss": 0.5234589914015948, "_wandb": {"runtime": 12425}}