{"train/loss": 0.2595, "train/grad_norm": 0.8266630172729492, "train/learning_rate": 0.0, "train/epoch": 3.0, "train/global_step": 1218, "_timestamp": 1713025892.2789805, "_runtime": 11222.262223482132, "_step": 1218, "train_runtime": 11223.4433, "train_samples_per_second": 13.9, "train_steps_per_second": 0.109, "total_flos": 0.0, "train_loss": 0.5048720932310242, "_wandb": {"runtime": 11258}}