{"train/loss": 0.3856, "train/grad_norm": 1.441809892654419, "train/learning_rate": 0.0, "train/epoch": 3.0, "train/global_step": 1218, "_timestamp": 1711027115.7883637, "_runtime": 5309.164817810059, "_step": 1218, "train_runtime": 5310.2622, "train_samples_per_second": 29.378, "train_steps_per_second": 0.229, "total_flos": 3.0092622627969434e+17, "train_loss": 0.7416487046699415, "_wandb": {"runtime": 5364}}