{"train/loss": 0.7128, "train/grad_norm": 0.9012932777404785, "train/learning_rate": 0.0, "train/epoch": 3.0, "train/global_step": 1218, "_timestamp": 1713289547.3285997, "_runtime": 11406.903267621994, "_step": 1218, "train_runtime": 11408.0087, "train_samples_per_second": 13.675, "train_steps_per_second": 0.107, "total_flos": 0.0, "train_loss": 1.0578027584869873, "_wandb": {"runtime": 11462}}