{"train/loss": 0.4214, "train/learning_rate": 0.0, "train/epoch": 3.0, "train/global_step": 1218, "_timestamp": 1706323901.0659647, "_runtime": 2353.1071767807007, "_step": 1218, "train/train_runtime": 2354.4792, "train/train_samples_per_second": 66.259, "train/train_steps_per_second": 0.517, "train/total_flos": 3.064479488105513e+17, "train/train_loss": 0.7351959513619616, "_wandb": {"runtime": 2399}}