{"train/loss": 0.2807, "train/grad_norm": 0.8439948558807373, "train/learning_rate": 0.0, "train/epoch": 3.0, "train/global_step": 1218, "_timestamp": 1712837325.8969495, "_runtime": 3815.8418695926666, "_step": 1218, "train_runtime": 3817.0349, "train_samples_per_second": 40.871, "train_steps_per_second": 0.319, "total_flos": 0.0, "train_loss": 0.5279355680903386, "_wandb": {"runtime": 3871}}