{"train/loss": 0.3528, "train/learning_rate": 0.0, "train/epoch": 3.0, "train/global_step": 1218, "_timestamp": 1700717716.5097766, "_runtime": 12931.532412528992, "_step": 1218, "train/train_runtime": 12933.8745, "train/train_samples_per_second": 12.062, "train/train_steps_per_second": 0.094, "train/total_flos": 0.0, "train/train_loss": 0.6282030290056919, "_wandb": {"runtime": 13084}}