{"train/loss": 0.3524, "train/learning_rate": 0.0, "train/epoch": 3.0, "train/global_step": 1218, "_timestamp": 1700742467.2949615, "_runtime": 14444.272746562958, "_step": 1218, "train/train_runtime": 14445.841, "train/train_samples_per_second": 10.799, "train/train_steps_per_second": 0.084, "train/total_flos": 0.0, "train/train_loss": 0.6233375162400049, "_wandb": {"runtime": 14551}}