{"train/loss": 0.9162, "train/learning_rate": 1.9999858476382388e-05, "train/epoch": 0.1, "train/global_step": 39, "_timestamp": 1699941952.253145, "_runtime": 390.30492901802063, "_step": 38}