{"train/loss": 0.3178, "train/grad_norm": 0.869306206703186, "train/learning_rate": 0.0, "train/epoch": 3.0, "train/global_step": 1218, "_timestamp": 1713172845.0876663, "_runtime": 11379.630897283554, "_step": 1218, "train_runtime": 11380.6955, "train_samples_per_second": 13.708, "train_steps_per_second": 0.107, "total_flos": 0.0, "train_loss": 3.8052358561255075, "_wandb": {"runtime": 11434}}