{"train/loss": 0.3709, "train/grad_norm": 1.4870556592941284, "train/learning_rate": 0.0, "train/epoch": 3.0, "train/global_step": 1218, "_timestamp": 1710147489.9346602, "_runtime": 2271.855370283127, "_step": 1218, "train/train_runtime": 2272.9253, "train/train_samples_per_second": 68.637, "train/train_steps_per_second": 0.536, "train/total_flos": 3.0092622627969434e+17, "train/train_loss": 0.7363126278168266, "_wandb": {"runtime": 2326}}