{"train/loss": 0.3191, "train/learning_rate": 0.0, "train/epoch": 3.0, "train/global_step": 1218, "_timestamp": 1703591895.4416735, "_runtime": 13422.967587471008, "_step": 1218, "train/train_runtime": 13424.6378, "train/train_samples_per_second": 11.621, "train/train_steps_per_second": 0.091, "train/total_flos": 0.0, "train/train_loss": 0.5322422007181374, "_wandb": {"runtime": 13522}}