{"train/loss": 0.8755, "train/grad_norm": 0.8960545659065247, "train/learning_rate": 0.0, "train/epoch": 3.0, "train/global_step": 1218, "_timestamp": 1713200479.6532989, "_runtime": 11368.482673883438, "_step": 1218, "train_runtime": 11369.5637, "train_samples_per_second": 13.721, "train_steps_per_second": 0.107, "total_flos": 0.0, "train_loss": 1.2763230647946813, "_wandb": {"runtime": 11424}}