{"train/loss": 0.3428, "train/learning_rate": 0.0, "train/epoch": 3.0, "train/global_step": 1218, "_timestamp": 1702397555.0966392, "_runtime": 12335.453184127808, "_step": 1218, "train/train_runtime": 12336.6738, "train/train_samples_per_second": 12.646, "train/train_steps_per_second": 0.099, "train/total_flos": 0.0, "train/train_loss": 0.5703821082298196, "_wandb": {"runtime": 12402}}