{"train/loss": 0.7549, "train/grad_norm": 0.8990452289581299, "train/learning_rate": 0.0, "train/epoch": 3.0, "train/global_step": 1218, "_timestamp": 1713606231.8651001, "_runtime": 11276.66576719284, "_step": 1218, "train_runtime": 11277.8437, "train_samples_per_second": 13.833, "train_steps_per_second": 0.108, "total_flos": 0.0, "train_loss": 1.1937700023596314, "_wandb": {"runtime": 11332}}