{"train/loss": 0.3485, "train/learning_rate": 0.0, "train/epoch": 3.0, "train/global_step": 1218, "_timestamp": 1704297506.895343, "_runtime": 13479.931380033493, "_step": 1218, "train/train_runtime": 13481.4601, "train/train_samples_per_second": 11.572, "train/train_steps_per_second": 0.09, "train/total_flos": 0.0, "train/train_loss": 0.5576545535808518, "_wandb": {"runtime": 13551}}