{"train/loss": 0.2919, "train/grad_norm": 0.8866589665412903, "train/learning_rate": 0.0, "train/epoch": 3.0, "train/global_step": 1218, "_timestamp": 1713528481.8462756, "_runtime": 11360.647954463959, "_step": 1218, "train_runtime": 11361.7791, "train_samples_per_second": 13.731, "train_steps_per_second": 0.107, "total_flos": 0.0, "train_loss": 0.530464872387536, "_wandb": {"runtime": 11416}}