{"train/loss": 0.3505, "train/learning_rate": 0.0, "train/epoch": 2.99, "train/global_step": 243, "_timestamp": 1699239797.575331, "_runtime": 1109.1907539367676, "_step": 243, "train/train_runtime": 1111.2473, "train/train_samples_per_second": 28.077, "train/train_steps_per_second": 0.219, "train/total_flos": 8.815241080288051e+16, "train/train_loss": 0.5528816637188319, "_wandb": {"runtime": 1181}}