{"train/loss": 0.2641, "train/grad_norm": 0.8611596822738647, "train/learning_rate": 0.0, "train/epoch": 3.0, "train/global_step": 1218, "_timestamp": 1713705105.7479675, "_runtime": 11319.661014556885, "_step": 1218, "train_runtime": 11320.8937, "train_samples_per_second": 13.78, "train_steps_per_second": 0.108, "total_flos": 0.0, "train_loss": 0.5070196613669395, "_wandb": {"runtime": 11375}}