{"train/loss": 0.5975, "train/grad_norm": 0.8889997601509094, "train/learning_rate": 0.0, "train/epoch": 3.0, "train/global_step": 1218, "_timestamp": 1713277836.563872, "_runtime": 11353.133404016495, "_step": 1218, "train_runtime": 11354.2474, "train_samples_per_second": 13.74, "train_steps_per_second": 0.107, "total_flos": 0.0, "train_loss": 0.9117458267947919, "_wandb": {"runtime": 11407}}