{"train/loss": 0.3627, "train/learning_rate": 0.0, "train/epoch": 2.95, "train/global_step": 120, "_timestamp": 1699242538.287067, "_runtime": 536.1660318374634, "_step": 120, "train/train_runtime": 537.6122, "train/train_samples_per_second": 29.017, "train/train_steps_per_second": 0.223, "train/total_flos": 4.290970335680922e+16, "train/train_loss": 0.585012320180734, "_wandb": {"runtime": 609}}