{"train/loss": 0.3315, "train/learning_rate": 0.0, "train/epoch": 2.99, "train/global_step": 486, "_timestamp": 1699087196.5206099, "_runtime": 2171.241630792618, "_step": 486, "train/train_runtime": 2172.3535, "train/train_samples_per_second": 28.725, "train/train_steps_per_second": 0.224, "train/total_flos": 1.768602563730473e+17, "train/train_loss": 0.5415969825207941, "_wandb": {"runtime": 2242}}