{"train/loss": 1.5302, "train/grad_norm": 5.124210357666016, "train/learning_rate": 2e-05, "train/epoch": 0.25, "train/global_step": 1, "_timestamp": 1712990232.5248592, "_runtime": 13.793028116226196, "_step": 0, "_wandb": {"runtime": 14}}