{"train/loss": 0.7346, "train/grad_norm": 0.8519008755683899, "train/learning_rate": 0.0, "train/epoch": 3.0, "train/global_step": 1218, "_timestamp": 1713623353.5150485, "_runtime": 11318.299996614456, "_step": 1218, "train_runtime": 11319.4487, "train_samples_per_second": 13.782, "train_steps_per_second": 0.108, "total_flos": 0.0, "train_loss": 1.1832849568823485, "_wandb": {"runtime": 11374}}