{"train/loss": 0.2859, "train/learning_rate": 0.0, "train/epoch": 3.0, "train/global_step": 1218, "_timestamp": 1700835239.0876362, "_runtime": 14100.062256336212, "_step": 1218, "train/train_runtime": 14103.2312, "train/train_samples_per_second": 11.062, "train/train_steps_per_second": 0.086, "train/total_flos": 0.0, "train/train_loss": 0.48230796939829496, "_wandb": {"runtime": 14262}}