{"train/loss": 0.5135, "train/learning_rate": 1.5905794310235808e-05, "train/epoch": 0.96, "train/global_step": 390, "_timestamp": 1700650675.4729679, "_runtime": 5133.003804922104, "_step": 389}