{"train/loss": 0.3434, "train/learning_rate": 0.0, "train/epoch": 2.99, "train/global_step": 852, "_timestamp": 1699092802.096984, "_runtime": 3820.7884418964386, "_step": 852, "train/train_runtime": 3822.5367, "train/train_samples_per_second": 28.568, "train/train_steps_per_second": 0.223, "train/total_flos": 3.0950538719789056e+17, "train/train_loss": 0.5355676350494226, "_wandb": {"runtime": 3899}}