{"train/loss": 0.275, "train/grad_norm": 0.868743896484375, "train/learning_rate": 0.0, "train/epoch": 3.0, "train/global_step": 1218, "_timestamp": 1713674172.545141, "_runtime": 11328.590096950531, "_step": 1218, "train_runtime": 11329.8066, "train_samples_per_second": 13.77, "train_steps_per_second": 0.108, "total_flos": 0.0, "train_loss": 0.517018867953266, "_wandb": {"runtime": 11385}}