{"train/loss": 0.3558, "train/learning_rate": 0.0, "train/epoch": 3.0, "train/global_step": 1218, "_timestamp": 1703689207.8180327, "_runtime": 13501.30826473236, "_step": 1218, "train/train_runtime": 13502.9035, "train/train_samples_per_second": 11.554, "train/train_steps_per_second": 0.09, "train/total_flos": 0.0, "train/train_loss": 0.6452663596383065, "_wandb": {"runtime": 13690}}