{"train/loss": 0.7462, "train/learning_rate": 1.7476960392759284e-05, "train/epoch": 0.76, "train/global_step": 310, "_timestamp": 1712829737.4585454, "_runtime": 1294.6005854606628, "_step": 309, "_wandb": {"runtime": 1296}}