{"train/loss": 0.3362, "train/learning_rate": 0.0, "train/epoch": 3.0, "train/global_step": 1218, "_timestamp": 1701334642.555376, "_runtime": 13022.415047168732, "_step": 1218, "train/train_runtime": 13023.9126, "train/train_samples_per_second": 11.978, "train/train_steps_per_second": 0.094, "train/total_flos": 0.0, "train/train_loss": 0.5293952888137797, "_wandb": {"runtime": 13137}}