{"train/loss": 0.3118, "train/grad_norm": 0.9029930830001831, "train/learning_rate": 0.0, "train/epoch": 3.0, "train/global_step": 1218, "_timestamp": 1713244938.9290125, "_runtime": 11377.736667633057, "_step": 1218, "train_runtime": 11378.8068, "train_samples_per_second": 13.71, "train_steps_per_second": 0.107, "total_flos": 0.0, "train_loss": 0.5493993570505105, "_wandb": {"runtime": 11433}}