{"train/loss": 0.3366, "train/learning_rate": 0.0, "train/epoch": 3.0, "train/global_step": 1218, "_timestamp": 1704366376.879849, "_runtime": 12379.22113084793, "_step": 1218, "train/train_runtime": 12380.6369, "train/train_samples_per_second": 12.601, "train/train_steps_per_second": 0.098, "train/total_flos": 0.0, "train/train_loss": 0.5327662720860323, "_wandb": {"runtime": 12447}}