{"train/loss": 0.3986, "train/learning_rate": 0.0, "train/epoch": 3.0, "train/global_step": 1218, "_timestamp": 1699257357.9707875, "_runtime": 4661.113310575485, "_step": 1218, "train/train_runtime": 4662.3881, "train/train_samples_per_second": 33.461, "train/train_steps_per_second": 0.261, "train/total_flos": 3.06681596994388e+17, "train/train_loss": 0.7055398779623027, "_wandb": {"runtime": 4728}}