{"train/loss": 1.6697, "train/learning_rate": 2e-05, "train/epoch": 0.25, "train/global_step": 1, "_timestamp": 1700621947.1095395, "_runtime": 15.804063558578491, "_step": 0, "_wandb": {"runtime": 23}}