{"train/loss": 0.7598, "train/learning_rate": 1.9855429168379127e-05, "train/epoch": 0.25, "train/global_step": 101, "_timestamp": 1712827823.930821, "_runtime": 781.5925879478455, "_step": 100}