{"train/loss": 0.2815, "train/grad_norm": 0.8522053360939026, "train/learning_rate": 0.0, "train/epoch": 3.0, "train/global_step": 1218, "_timestamp": 1712914574.0092785, "_runtime": 3882.123367547989, "_step": 1218, "train_runtime": 3883.2426, "train_samples_per_second": 40.174, "train_steps_per_second": 0.314, "total_flos": 0.0, "train_loss": 0.5277751164972684, "_wandb": {"runtime": 3937}}