{"train/loss": 0.313, "train/learning_rate": 0.0, "train/epoch": 3.0, "train/global_step": 1218, "_timestamp": 1698901535.2019472, "_runtime": 5432.5188601017, "_step": 1218, "train/train_runtime": 5433.6551, "train/train_samples_per_second": 28.711, "train/train_steps_per_second": 0.224, "train/total_flos": 4.43335458395521e+17, "train/train_loss": 0.5333987391983542, "_wandb": {"runtime": 5503}}