{"train/loss": 0.7093, "train/grad_norm": 0.9030897617340088, "train/learning_rate": 0.0, "train/epoch": 3.0, "train/global_step": 1218, "_timestamp": 1713356314.7508552, "_runtime": 11319.892241239548, "_step": 1218, "train_runtime": 11321.005, "train_samples_per_second": 13.78, "train_steps_per_second": 0.108, "total_flos": 0.0, "train_loss": 1.0589996976609692, "_wandb": {"runtime": 11376}}