{"train/loss": 0.3114, "train/learning_rate": 0.0, "train/epoch": 3.0, "train/global_step": 1218, "_timestamp": 1703828101.0909472, "_runtime": 12492.18722319603, "_step": 1218, "train/train_runtime": 12493.5661, "train/train_samples_per_second": 12.487, "train/train_steps_per_second": 0.097, "train/total_flos": 0.0, "train/train_loss": 0.5320216713867751, "_wandb": {"runtime": 12559}}