{"train/loss": 0.2621, "train/grad_norm": 0.8554142713546753, "train/learning_rate": 0.0, "train/epoch": 3.0, "train/global_step": 1218, "_timestamp": 1713368853.0733275, "_runtime": 11289.612848520279, "_step": 1218, "train_runtime": 11291.1354, "train_samples_per_second": 13.817, "train_steps_per_second": 0.108, "total_flos": 0.0, "train_loss": 0.506941596189841, "_wandb": {"runtime": 11343}}