{"train/loss": 0.3526, "train/learning_rate": 0.0, "train/epoch": 3.0, "train/global_step": 1218, "_timestamp": 1700665865.8429961, "_runtime": 14689.735773086548, "_step": 1218, "train/train_runtime": 14692.6661, "train/train_samples_per_second": 10.618, "train/train_steps_per_second": 0.083, "train/total_flos": 0.0, "train/train_loss": 0.6280619247597818, "_wandb": {"runtime": 14868}}