{"train/loss": 0.6982, "train/learning_rate": 1.999429490929718e-05, "train/epoch": 0.12, "train/global_step": 4, "_timestamp": 1700625866.0840147, "_runtime": 11.388392686843872, "_step": 3, "_wandb": {"runtime": 12}}