{"train/loss": 0.4151, "train/grad_norm": 1.5122956037521362, "train/learning_rate": 0.0, "train/epoch": 3.0, "train/global_step": 1218, "_timestamp": 1712910434.7765136, "_runtime": 3588.0918946266174, "_step": 1218, "train_runtime": 3589.21, "train_samples_per_second": 43.465, "train_steps_per_second": 0.339, "total_flos": 0.0, "train_loss": 0.7290668825210609, "_wandb": {"runtime": 3644}}