{"train/loss": 0.3214, "train/grad_norm": 0.8981704711914062, "train/learning_rate": 0.0, "train/epoch": 3.0, "train/global_step": 1218, "_timestamp": 1713184512.5231159, "_runtime": 11369.711478948593, "_step": 1218, "train_runtime": 11370.8261, "train_samples_per_second": 13.72, "train_steps_per_second": 0.107, "total_flos": 0.0, "train_loss": 1.7971250480667906, "_wandb": {"runtime": 11425}}