{"train/loss": 0.7087, "train/grad_norm": 0.8637469410896301, "train/learning_rate": 0.0, "train/epoch": 3.0, "train/global_step": 1218, "_timestamp": 1713343644.5745237, "_runtime": 11389.01666879654, "_step": 1218, "train_runtime": 11390.1895, "train_samples_per_second": 13.697, "train_steps_per_second": 0.107, "total_flos": 0.0, "train_loss": 1.0572728014051034, "_wandb": {"runtime": 11443}}