{"train/loss": 1.695, "train/learning_rate": 5.405405405405406e-07, "train/epoch": 0.0, "train/global_step": 1, "_timestamp": 1703674896.7808197, "_runtime": 41.1811466217041, "_step": 0}