{"train/loss": 0.2184, "train/learning_rate": 0.0, "train/epoch": 3.0, "train/global_step": 1218, "_timestamp": 1700640417.067768, "_runtime": 14127.956013202667, "_step": 1218, "train/train_runtime": 14129.5017, "train/train_samples_per_second": 11.041, "train/train_steps_per_second": 0.086, "train/total_flos": 0.0, "train/train_loss": 0.3610844327066528, "_wandb": {"runtime": 14221}}