{"train/loss": 0.3207, "train/learning_rate": 0.0, "train/epoch": 3.0, "train/global_step": 1218, "_timestamp": 1702470637.5110676, "_runtime": 12369.387063741684, "_step": 1218, "train/train_runtime": 12370.6135, "train/train_samples_per_second": 12.611, "train/train_steps_per_second": 0.098, "train/total_flos": 0.0, "train/train_loss": 0.5340968871547279, "_wandb": {"runtime": 12445}}