{"train/loss": 0.338, "train/learning_rate": 0.0, "train/epoch": 3.0, "train/global_step": 1218, "_timestamp": 1701429997.805667, "_runtime": 13153.060567855835, "_step": 1218, "train/train_runtime": 13155.3572, "train/train_samples_per_second": 11.859, "train/train_steps_per_second": 0.093, "train/total_flos": 0.0, "train/train_loss": 0.5294419806848214, "_wandb": {"runtime": 13217}}