{"train/loss": 0.3341, "train/learning_rate": 0.0, "train/epoch": 3.0, "train/global_step": 1218, "_timestamp": 1704691322.7785397, "_runtime": 12317.523820638657, "_step": 1218, "train/train_runtime": 12318.7874, "train/train_samples_per_second": 12.664, "train/train_steps_per_second": 0.099, "train/total_flos": 0.0, "train/train_loss": 0.5864009857911782, "_wandb": {"runtime": 12386}}