{"train/loss": 0.825, "train/grad_norm": 0.9236798882484436, "train/learning_rate": 0.0, "train/epoch": 3.0, "train/global_step": 1218, "_timestamp": 1713262273.9012084, "_runtime": 11348.716638326645, "_step": 1218, "train_runtime": 11349.7604, "train_samples_per_second": 13.745, "train_steps_per_second": 0.107, "total_flos": 0.0, "train_loss": 1.2035078893251998, "_wandb": {"runtime": 11403}}