{"train/loss": 1.1778, "train/grad_norm": 2.523660182952881, "train/learning_rate": 6.486486486486487e-06, "train/epoch": 0.03, "train/global_step": 12, "_timestamp": 1710319107.8322473, "_runtime": 27.17540431022644, "_step": 11, "_wandb": {"runtime": 28}}