{"train/loss": 0.3453, "train/learning_rate": 0.0, "train/epoch": 3.0, "train/global_step": 1218, "_timestamp": 1704457968.8217275, "_runtime": 12358.531873464584, "_step": 1218, "train/train_runtime": 12359.7574, "train/train_samples_per_second": 12.622, "train/train_steps_per_second": 0.099, "train/total_flos": 0.0, "train/train_loss": 0.541158860931647, "_wandb": {"runtime": 12428}}