{"train/loss": 0.2921, "train/grad_norm": 0.8945633769035339, "train/learning_rate": 0.0, "train/epoch": 3.0, "train/global_step": 1218, "_timestamp": 1713637145.2917192, "_runtime": 11613.487985134125, "_step": 1218, "train_runtime": 11614.6694, "train_samples_per_second": 13.432, "train_steps_per_second": 0.105, "total_flos": 0.0, "train_loss": 0.5300218422082061, "_wandb": {"runtime": 11669}}