{"train/loss": 0.659, "train/grad_norm": 2.274174451828003, "train/learning_rate": 0.0, "train/epoch": 3.0, "train/global_step": 1218, "_timestamp": 1712918728.4576447, "_runtime": 11137.630599737167, "_step": 1218, "train_runtime": 11138.7715, "train_samples_per_second": 14.006, "train_steps_per_second": 0.109, "total_flos": 0.0, "train_loss": 1.2197155970560114, "_wandb": {"runtime": 11193}}