{"train/loss": 1.3721, "train/learning_rate": 1.999429490929718e-05, "train/epoch": 0.12, "train/global_step": 4, "_timestamp": 1700625297.1811783, "_runtime": 11.405587434768677, "_step": 3, "_wandb": {"runtime": 11}}