{"train/loss": 0.3307, "train/grad_norm": 0.9600724577903748, "train/learning_rate": 0.0, "train/epoch": 3.0, "train/global_step": 1218, "_timestamp": 1713516710.3126278, "_runtime": 11325.427439689636, "_step": 1218, "train_runtime": 11326.5664, "train_samples_per_second": 13.773, "train_steps_per_second": 0.108, "total_flos": 0.0, "train_loss": 0.5658430994682515, "_wandb": {"runtime": 11382}}