{"train/loss": 0.3242, "train/learning_rate": 0.0, "train/epoch": 3.0, "train/global_step": 1218, "_timestamp": 1703573242.6980748, "_runtime": 13392.213762760162, "_step": 1218, "train/train_runtime": 13393.3895, "train/train_samples_per_second": 11.648, "train/train_steps_per_second": 0.091, "train/total_flos": 0.0, "train/train_loss": 0.5480925337532275, "_wandb": {"runtime": 13474}}