{"train/loss": 0.2659, "train/grad_norm": 0.8603081107139587, "train/learning_rate": 0.0, "train/epoch": 3.0, "train/global_step": 1218, "_timestamp": 1713505143.9949622, "_runtime": 11376.210271120071, "_step": 1218, "train_runtime": 11377.3604, "train_samples_per_second": 13.712, "train_steps_per_second": 0.107, "total_flos": 0.0, "train_loss": 0.5095973630697269, "_wandb": {"runtime": 11431}}