{"train/loss": 0.3128, "train/learning_rate": 0.0, "train/epoch": 3.0, "train/global_step": 1218, "_timestamp": 1699258274.5673876, "_runtime": 5475.597953557968, "_step": 1218, "train/train_runtime": 5476.8158, "train/train_samples_per_second": 28.485, "train/train_steps_per_second": 0.222, "train/total_flos": 4.43335458395521e+17, "train/train_loss": 0.5333064189318366, "_wandb": {"runtime": 5552}}