{"train/loss": 0.2593, "train/grad_norm": 0.8309756517410278, "train/learning_rate": 0.0, "train/epoch": 3.0, "train/global_step": 1218, "_timestamp": 1713001649.2252982, "_runtime": 11238.51543211937, "_step": 1218, "train_runtime": 11239.6409, "train_samples_per_second": 13.88, "train_steps_per_second": 0.108, "total_flos": 0.0, "train_loss": 0.5049262136000717, "_wandb": {"runtime": 11292}}