{"train/loss": 0.3461, "train/learning_rate": 0.0, "train/epoch": 3.0, "train/global_step": 1218, "_timestamp": 1702447539.4347727, "_runtime": 12384.486753702164, "_step": 1218, "train/train_runtime": 12385.713, "train/train_samples_per_second": 12.596, "train/train_steps_per_second": 0.098, "train/total_flos": 0.0, "train/train_loss": 0.6145051446405342, "_wandb": {"runtime": 12458}}