{"train/loss": 0.1641, "train/learning_rate": 0.0, "train/epoch": 3.0, "train/global_step": 1218, "_timestamp": 1701163170.222902, "_runtime": 12511.276364088058, "_step": 1218, "train/train_runtime": 12512.8018, "train/train_samples_per_second": 12.468, "train/train_steps_per_second": 0.097, "train/total_flos": 0.0, "train/train_loss": 0.28849040778057133, "_wandb": {"runtime": 12656}}