{"train/loss": 0.3474, "train/learning_rate": 0.0, "train/epoch": 3.0, "train/global_step": 1218, "_timestamp": 1703666086.9524994, "_runtime": 13665.157965421677, "_step": 1218, "train/train_runtime": 13666.9092, "train/train_samples_per_second": 11.415, "train/train_steps_per_second": 0.089, "train/total_flos": 0.0, "train/train_loss": 0.557661716341483, "_wandb": {"runtime": 13750}}