{"train/loss": 0.7866, "train/grad_norm": 0.862621009349823, "train/learning_rate": 0.0, "train/epoch": 3.0, "train/global_step": 1218, "_timestamp": 1713590595.3413432, "_runtime": 11278.025120258331, "_step": 1218, "train_runtime": 11279.1783, "train_samples_per_second": 13.831, "train_steps_per_second": 0.108, "total_flos": 0.0, "train_loss": 1.2133171795232738, "_wandb": {"runtime": 11327}}