{"train/loss": 0.2585, "train/grad_norm": 0.8258028626441956, "train/learning_rate": 0.0, "train/epoch": 3.0, "train/global_step": 1218, "_timestamp": 1713159183.2709224, "_runtime": 11343.42823934555, "_step": 1218, "train_runtime": 11344.5797, "train_samples_per_second": 13.752, "train_steps_per_second": 0.107, "total_flos": 0.0, "train_loss": 0.5049614314424189, "_wandb": {"runtime": 11398}}