{"train/loss": 0.3069, "train/learning_rate": 0.0, "train/epoch": 3.0, "train/global_step": 1218, "_timestamp": 1702376286.4548557, "_runtime": 12301.58277964592, "_step": 1218, "train/train_runtime": 12302.7562, "train/train_samples_per_second": 12.681, "train/train_steps_per_second": 0.099, "train/total_flos": 0.0, "train/train_loss": 0.5232693048313334, "_wandb": {"runtime": 12371}}