{"train/loss": 0.6575, "train/grad_norm": 1.9641237258911133, "train/learning_rate": 0.0, "train/epoch": 3.0, "train/global_step": 1218, "_timestamp": 1710144894.509413, "_runtime": 1340.1596500873566, "_step": 1218, "train/train_runtime": 1341.2084, "train/train_samples_per_second": 116.317, "train/train_steps_per_second": 0.908, "train/total_flos": 1.7188659882308403e+17, "train/train_loss": 1.16533139279519, "_wandb": {"runtime": 1371}}