{"train/loss": 0.3967, "train/learning_rate": 0.0, "train/epoch": 3.0, "train/global_step": 1218, "_timestamp": 1698900335.8473632, "_runtime": 4634.956462144852, "_step": 1218, "train/train_runtime": 4636.6664, "train/train_samples_per_second": 33.646, "train/train_steps_per_second": 0.263, "train/total_flos": 3.06681596994388e+17, "train/train_loss": 0.7055165096016353, "_wandb": {"runtime": 4701}}