{"train/loss": 0.3237, "train/learning_rate": 0.0, "train/epoch": 3.0, "train/global_step": 1218, "_timestamp": 1700209969.5320723, "_runtime": 12641.02909040451, "_step": 1218, "train/train_runtime": 12642.8862, "train/train_samples_per_second": 12.339, "train/train_steps_per_second": 0.096, "train/total_flos": 0.0, "train/train_loss": 0.5718686463577407, "_wandb": {"runtime": 12710}}