{"train/loss": 0.2532, "train/grad_norm": 0.782124400138855, "train/learning_rate": 1.273688523919514e-09, "train/epoch": 2.98, "train/global_step": 1212, "_timestamp": 1713427589.8764544, "_runtime": 11342.599764347076, "_step": 1211}