{"train/loss": 0.8591, "train/learning_rate": 1.969554735922885e-05, "train/epoch": 0.32, "train/global_step": 130, "_timestamp": 1699944067.5581675, "_runtime": 1293.2272703647614, "_step": 129}