{"train/loss": 0.3986, "train/learning_rate": 0.0, "train/epoch": 3.0, "train/global_step": 1218, "_timestamp": 1702357149.1880212, "_runtime": 4544.607187271118, "_step": 1218, "train/train_runtime": 4545.715, "train/train_samples_per_second": 34.319, "train/train_steps_per_second": 0.268, "train/total_flos": 3.06681596994388e+17, "train/train_loss": 0.7058721004888929, "_wandb": {"runtime": 4615}}