{"train/loss": 0.3847, "train/learning_rate": 0.0, "train/epoch": 2.95, "train/global_step": 120, "_timestamp": 1699947213.0417044, "_runtime": 1118.2847483158112, "_step": 120, "train/train_runtime": 1119.4414, "train/train_samples_per_second": 13.936, "train/train_steps_per_second": 0.107, "train/total_flos": 0.0, "train/train_loss": 0.6219519913196564, "_wandb": {"runtime": 1189}}