{"train/loss": 1.8057, "train/learning_rate": 0.0, "train/epoch": 3.0, "train/global_step": 1218, "_timestamp": 1706342318.6996012, "_runtime": 6593.052666187286, "_step": 1218, "train/train_runtime": 6597.6395, "train/train_samples_per_second": 23.646, "train/train_steps_per_second": 0.185, "train/total_flos": 0.0, "train/train_loss": 1.7412219766912789, "_wandb": {"runtime": 6640}}