{"train/loss": 0.3086, "train/learning_rate": 0.0, "train/epoch": 3.0, "train/global_step": 1218, "_timestamp": 1703875202.8206606, "_runtime": 12421.090485572815, "_step": 1218, "train/train_runtime": 12422.3999, "train/train_samples_per_second": 12.558, "train/train_steps_per_second": 0.098, "train/total_flos": 0.0, "train/train_loss": 0.5258191014060442, "_wandb": {"runtime": 12495}}