{"train/loss": 0.7163, "train/grad_norm": 0.8830110430717468, "train/learning_rate": 0.0, "train/epoch": 3.0, "train/global_step": 1218, "_timestamp": 1713330109.5207946, "_runtime": 11312.96205663681, "_step": 1218, "train_runtime": 11314.0858, "train_samples_per_second": 13.789, "train_steps_per_second": 0.108, "total_flos": 0.0, "train_loss": 1.059114646148212, "_wandb": {"runtime": 11366}}