{"train/loss": 1.2786, "train/learning_rate": 2.1621621621621623e-06, "train/epoch": 0.01, "train/global_step": 4, "_timestamp": 1706324254.8014672, "_runtime": 23.83868718147278, "_step": 3}