{"train/loss": 0.3087, "train/learning_rate": 0.0, "train/epoch": 3.0, "train/global_step": 1218, "_timestamp": 1704180795.3893898, "_runtime": 12395.21137881279, "_step": 1218, "train/train_runtime": 12396.4582, "train/train_samples_per_second": 12.585, "train/train_steps_per_second": 0.098, "train/total_flos": 0.0, "train/train_loss": 0.5258684261091824, "_wandb": {"runtime": 12465}}