{"train/loss": 0.4297, "train/grad_norm": 1.8649648427963257, "train/learning_rate": 0.0, "train/epoch": 3.0, "train/global_step": 1218, "_timestamp": 1712842751.0421243, "_runtime": 3534.955757379532, "_step": 1218, "train_runtime": 3536.105, "train_samples_per_second": 44.118, "train_steps_per_second": 0.344, "total_flos": 0.0, "train_loss": 0.7294606928314481, "_wandb": {"runtime": 3591}}