{"train/loss": 0.3306, "train/learning_rate": 0.0, "train/epoch": 3.0, "train/global_step": 1218, "_timestamp": 1700116425.9768224, "_runtime": 11472.589371442795, "_step": 1218, "train/train_runtime": 11474.1538, "train/train_samples_per_second": 13.596, "train/train_steps_per_second": 0.106, "train/total_flos": 0.0, "train/train_loss": 0.5719979388764731, "_wandb": {"runtime": 11632}}