{"train/loss": 1.1288, "train/learning_rate": 1.6788251624121335e-05, "train/epoch": 0.85, "train/global_step": 347, "_timestamp": 1710140119.1345608, "_runtime": 672.7467937469482, "_step": 346, "_wandb": {"runtime": 673}}