{"train/loss": 0.3084, "train/learning_rate": 0.0, "train/epoch": 3.0, "train/global_step": 1218, "_timestamp": 1704194389.6605127, "_runtime": 12416.6858355999, "_step": 1218, "train/train_runtime": 12417.9382, "train/train_samples_per_second": 12.563, "train/train_steps_per_second": 0.098, "train/total_flos": 0.0, "train/train_loss": 0.5308753052980246, "_wandb": {"runtime": 12489}}