{"train/loss": 1.4679, "train/learning_rate": 2e-05, "train/epoch": 0.25, "train/global_step": 1, "_timestamp": 1700727620.651715, "_runtime": 14.80836009979248, "_step": 0, "_wandb": {"runtime": 18}}