{"train/loss": 0.2584, "train/grad_norm": 0.8587340712547302, "train/learning_rate": 0.0, "train/epoch": 3.0, "train/global_step": 1218, "_timestamp": 1713014054.0615592, "_runtime": 11198.791614294052, "_step": 1218, "train_runtime": 11199.919, "train_samples_per_second": 13.929, "train_steps_per_second": 0.109, "total_flos": 0.0, "train_loss": 0.5050987656945469, "_wandb": {"runtime": 11252}}