{"train/loss": 0.3376, "train/learning_rate": 0.0, "train/epoch": 3.0, "train/global_step": 1218, "_timestamp": 1701414407.976039, "_runtime": 15436.78260588646, "_step": 1218, "train/train_runtime": 15438.3062, "train/train_samples_per_second": 10.105, "train/train_steps_per_second": 0.079, "train/total_flos": 0.0, "train/train_loss": 0.5294832491571289, "_wandb": {"runtime": 15504}}