{"train/loss": 0.2663, "train/grad_norm": 0.8747866153717041, "train/learning_rate": 0.0, "train/epoch": 3.0, "train/global_step": 1218, "_timestamp": 1713455094.3484726, "_runtime": 11311.619389533997, "_step": 1218, "train_runtime": 11312.716, "train_samples_per_second": 13.79, "train_steps_per_second": 0.108, "total_flos": 0.0, "train_loss": 0.510505782009052, "_wandb": {"runtime": 11366}}