{"train/loss": 1.6227, "train/learning_rate": 1.3333333333333334e-06, "train/epoch": 0.01, "train/global_step": 1, "_timestamp": 1699083170.6244109, "_runtime": 44.95129179954529, "_step": 0}