{"train/loss": 0.3348, "train/learning_rate": 0.0, "train/epoch": 3.0, "train/global_step": 1218, "_timestamp": 1701320731.9915655, "_runtime": 12526.087287425995, "_step": 1218, "train/train_runtime": 12527.5674, "train/train_samples_per_second": 12.453, "train/train_steps_per_second": 0.097, "train/total_flos": 0.0, "train/train_loss": 0.5664051513880345, "_wandb": {"runtime": 12667}}