{"train/loss": 0.3072, "train/learning_rate": 0.0, "train/epoch": 3.0, "train/global_step": 975, "_timestamp": 1699242869.9839275, "_runtime": 4389.929666519165, "_step": 975, "train/train_runtime": 4391.2084, "train/train_samples_per_second": 28.421, "train/train_steps_per_second": 0.222, "train/total_flos": 3.541753959536394e+17, "train/train_loss": 0.5338406421282352, "_wandb": {"runtime": 4461}}