{"train/loss": 1.5616, "train/learning_rate": 1.5384615384615387e-06, "train/epoch": 0.01, "train/global_step": 2, "_timestamp": 1699088817.246502, "_runtime": 27.562011003494263, "_step": 1}