{"train/loss": 0.2681, "train/grad_norm": 0.8660701513290405, "train/learning_rate": 0.0, "train/epoch": 3.0, "train/global_step": 1218, "_timestamp": 1713686789.7714858, "_runtime": 11327.100581884384, "_step": 1218, "train_runtime": 11328.3416, "train_samples_per_second": 13.771, "train_steps_per_second": 0.108, "total_flos": 0.0, "train_loss": 0.5102587675275082, "_wandb": {"runtime": 11383}}