{"train/loss": 0.5095, "train/grad_norm": 1.9976391792297363, "train/learning_rate": 0.0, "train/epoch": 3.0, "train/global_step": 1218, "_timestamp": 1710321545.3124125, "_runtime": 2165.075588464737, "_step": 1218, "train_runtime": 2166.4062, "train_samples_per_second": 72.011, "train_steps_per_second": 0.562, "total_flos": 3.0092622627969434e+17, "train_loss": 0.928956349372668, "_wandb": {"runtime": 2219}}