{"train/loss": 0.3269, "train/learning_rate": 0.0, "train/epoch": 3.0, "train/global_step": 1218, "_timestamp": 1704442500.572469, "_runtime": 12321.07522201538, "_step": 1218, "train/train_runtime": 12322.2917, "train/train_samples_per_second": 12.66, "train/train_steps_per_second": 0.099, "train/total_flos": 0.0, "train/train_loss": 0.5730064460527525, "_wandb": {"runtime": 12392}}