{"train/loss": 0.3074, "train/learning_rate": 0.0, "train/epoch": 3.0, "train/global_step": 975, "_timestamp": 1699074124.066461, "_runtime": 4365.770938158035, "_step": 975, "train/train_runtime": 4367.765, "train/train_samples_per_second": 28.574, "train/train_steps_per_second": 0.223, "train/total_flos": 3.541753959536394e+17, "train/train_loss": 0.5340585967516288, "_wandb": {"runtime": 4498}}