{"train/loss": 0.4635, "train/grad_norm": 1.664832592010498, "train/learning_rate": 0.0, "train/epoch": 3.0, "train/global_step": 1218, "_timestamp": 1710339247.9360893, "_runtime": 2151.868286371231, "_step": 1218, "train_runtime": 2153.1771, "train_samples_per_second": 72.454, "train_steps_per_second": 0.566, "total_flos": 3.0092622627969434e+17, "train_loss": 0.9017481540615727, "_wandb": {"runtime": 2207}}