{"train/loss": 0.2657, "train/grad_norm": 0.8558846712112427, "train/learning_rate": 0.0, "train/epoch": 3.0, "train/global_step": 1218, "_timestamp": 1713439916.8820572, "_runtime": 11430.09705209732, "_step": 1218, "train_runtime": 11431.3956, "train_samples_per_second": 13.647, "train_steps_per_second": 0.107, "total_flos": 0.0, "train_loss": 0.5094895182890062, "_wandb": {"runtime": 11484}}